{"cameraMode":{"drawMode":0,"name":"Shaded","section":"Shading Mode"},"sceneLighting":true,"audioPlay":false,"sceneViewState":{"m_AlwaysRefresh":false,"showFog":true,"showSkybox":true,"showFlares":true,"showImageEffects":true,"showParticleSystems":true,"showVisualEffectGraphs":true,"m_FxEnabled":true},"in2DMode":false,"pivot":{"x":-6.830103397369385,"y":-5.828636646270752,"z":48.088443756103519},"rotation":{"x":-0.1554274708032608,"y":0.012224394828081131,"z":-0.01741734892129898,"w":-0.9876248240470886},"size":35.108577728271487,"orthographic":false}