{"cameraMode":{"drawMode":0,"name":"Shaded","section":"Shading Mode"},"sceneLighting":true,"audioPlay":false,"sceneViewState":{"m_AlwaysRefresh":false,"showFog":true,"showSkybox":true,"showFlares":true,"showImageEffects":true,"showParticleSystems":true,"showVisualEffectGraphs":true,"m_FxEnabled":true},"in2DMode":false,"pivot":{"x":51.95854568481445,"y":39.634361267089847,"z":-20.178924560546876},"rotation":{"x":-0.24328617751598359,"y":-0.25912728905677798,"z":0.05116843804717064,"w":-0.9332853555679321},"size":35.108577728271487,"orthographic":false}